ID,FP,BU Region,Approved,On hold,Sourcing start,Interview start,Interview end,Offered,Filled,Status
40,PT,West,2018-01-13,,2018-01-19 00:00:00,,,,,Sourcing start
200,FT,North,2018-01-29,,,,,,,Approved
114,PT,South,2018-01-14,,2018-01-21 00:00:00,,,,,Sourcing start
80,PT,South,2018-01-18,,2018-01-27 00:00:00,,,,,Sourcing start
50,PT,East,2018-01-16,,2018-01-22 00:00:00,,,,,Sourcing start
14,FT,West,2018-01-18,,2018-01-23 00:00:00,,,,,Sourcing start
142,FT,Midwest,2018-01-06,,2018-01-15 00:00:00,2018-01-25 00:00:00,,,,Interview start
116,PT,South,2018-01-19,,2018-01-27 00:00:00,,,,,Sourcing start
38,FT,Central,2018-01-22,,2018-01-28 00:00:00,,,,,Sourcing start
112,PT,Midwest,2018-01-12,,2018-01-19 00:00:00,2018-01-30 00:00:00,,,,Interview start
57,PT,Northwest,2018-01-14,,2018-01-19 00:00:00,,,,,Sourcing start
11,PT,East,2018-01-11,,2018-01-20 00:00:00,,,,,Sourcing start
4,FT,East,2018-01-15,,2018-01-20 00:00:00,2018-01-31 00:00:00,,,,Interview start
19,PT,Northwest,2018-01-12,,2018-01-17 00:00:00,2018-01-28 00:00:00,,,,Interview start
71,PT,Central,2018-01-29,,,,,,,Approved
9,PT,West,2018-01-27,,,,,,,Approved
143,FT,Northwest,2018-01-03,,2018-01-12 00:00:00,2018-01-31 00:00:00,,,,Interview start
110,FT,Midwest,2018-01-25,,2018-01-31 00:00:00,,,,,Sourcing start
148,PT,East,2018-01-21,,2018-01-26 00:00:00,,,,,Sourcing start
152,FT,Central,2018-01-16,,2018-01-25 00:00:00,,,,,Sourcing start
161,FT,North,2018-01-30,,,,,,,Approved
100,FT,Northwest,2018-01-10,,2018-01-15 00:00:00,,,,,Sourcing start
182,FT,North,2018-01-11,,2018-01-20 00:00:00,,,,,Sourcing start
185,FT,West,2018-01-18,,2018-01-24 00:00:00,,,,,Sourcing start
105,FT,East,2018-01-03,,2018-01-09 00:00:00,2018-01-24 00:00:00,,,,Interview start
172,FT,Midwest,2018-01-28,,,,,,,Approved
56,FT,South,2018-01-22,,2018-01-29 00:00:00,,,,,Sourcing start
